{
  "bp_rp_mean": 1.4429147,
  "bp_rp_std": 0.43387777,
  "mg_mean": 5.3718033,
  "mg_std": 1.9769922,
  "log_teff_mean": 3.71544,
  "log_teff_std": 0.08295622
}