{
  "bp_rp_mean": 1.4629408,
  "bp_rp_std": 0.44072166,
  "mg_mean": 5.428966,
  "mg_std": 2.00291,
  "log_teff_mean": 3.7125323,
  "log_teff_std": 0.08489952
}