{
  "log_teff_mean": 3.751287,
  "log_teff_std": 0.05987626,
  "log_rad_mean": 0.49971426,
  "log_rad_std": 0.4549035,
  "log_mass_mean": 0.21151929,
  "log_mass_std": 0.20817088,
  "log_lum_mean": 0.9790595,
  "log_lum_std": 0.82961047,
  "mg_mean": 3.1611419,
  "mg_std": 1.7473743,
  "x_mean": 757.5565,
  "x_std": 818.4512,
  "y_mean": 700.9626,
  "y_std": 823.4611,
  "z_mean": 1713.0908,
  "z_std": 1550.0062,
  "vx_mean": -8.684221,
  "vx_std": 20.545835,
  "vy_mean": -1.4551398,
  "vy_std": 34.51397,
  "vz_mean": -32.176964,
  "vz_std": 30.492868
}